[{"model": "core.service", "pk": 1, "fields": {"name": "Стрижка под \"Бывалого\"", "description": "Строгая и мужественная стрижка, подчеркивающая уверенность и опыт,  как у героя, прошедшего через все испытания жизни.", "price": "1258.00", "duration": 20, "is_popular": true, "image": ""}}, {"model": "core.service", "pk": 2, "fields": {"name": "Укладка \"Мымра\"", "description": "Элегантная и сдержанная укладка, в стиле классической строгости, для женщин, которые сохраняют стиль и порядок даже в самых непростых ситуациях. Идеальна для тех, кто предпочитает аккуратность и утонченность в своем образе.", "price": "2567.00", "duration": 120, "is_popular": false, "image": ""}}, {"model": "core.service", "pk": 3, "fields": {"name": "Гусарское бритье опасной бритвой", "description": "Эффектное бритье с элементами старинного мастерства,  как у истинного гусара. Чистота и точность, создающие стильный и мужественный образ, который сделает вас готовым к любым приключениям.", "price": "1364.00", "duration": 40, "is_popular": false, "image": ""}}, {"model": "core.service", "pk": 4, "fields": {"name": "Окрашивание \"Зимняя вишня\"", "description": "Окрашивание в теплые и глубокие оттенки красного и коричневого, идеально подходящее для женщин, котрым важен уют и стиль в любое время года.", "price": "2156.00", "duration": 125, "is_popular": false, "image": ""}}, {"model": "core.service", "pk": 5, "fields": {"name": "Мытье головы \"О, тепленькая пошла!\"", "description": "Уютное и расслабляющее мытье головы, как после долгого зимнего дня. Процесс, который дарит ощущение комфорта и тепла, оставляя вас в предвкушении отдыха, как в знаменитой сцене фильма.", "price": "1957.00", "duration": 50, "is_popular": true, "image": ""}}, {"model": "core.service", "pk": 6, "fields": {"name": "Стрижка бороды \"Пятнадцатилетний капитан\"", "description": "Четкая и уверенная линия борода, как у молодого, но решительного капитана, готового к новым свершениям. Идеально подходит для тех, кто ценит стиль и мужественность с ноткой авантюризма.", "price": "1247.00", "duration": 60, "is_popular": true, "image": ""}}, {"model": "core.service", "pk": 7, "fields": {"name": "Массаж головы \"Надо, Федя! Надо\"", "description": "Расслабляющий массаж головы, который снимает напряжение и дарит ощущение легкости, как в момент, когда все трудности кажутся преодолимыми. Идеален для тех, кто хочет избавиться от стресса и зарядиться энергией, как герой фильма, готовый к новым свершениям.", "price": "3478.00", "duration": 90, "is_popular": true, "image": ""}}, {"model": "core.service", "pk": 8, "fields": {"name": "Укладка \"Самая обоятельнная и привлекательная\"", "description": "Укладка, которая подчеркивает вашу естественную привлекательность и очарование. Легкость и элегантность. Создает образ, котрый невозможно забыть!", "price": "2564.00", "duration": 95, "is_popular": true, "image": ""}}, {"model": "core.service", "pk": 9, "fields": {"name": "Плетение косичек \"Краса-длинная коса\"", "description": "Вдохновленные сказочной героиней, мы предлагаем плетение длинных и стильных кос для мужчин и женщин. Сочетание силы и изысканности, создают уникальный образ, который подчеркнет вашу индивидуальность и загадочность.", "price": "15474.00", "duration": 240, "is_popular": true, "image": ""}}, {"model": "core.service", "pk": 10, "fields": {"name": "Полировка лысины \"Киса\"", "description": "Наполировал бы я тебе лысину, да Заратустра не позволяет! А нам позволяет! Идеальная полировка для гладкой и блестящей головы. Создадим стильный и уверенный образ, как у харизматичного персонажа.", "price": "3247.00", "duration": 60, "is_popular": false, "image": ""}}, {"model": "core.service", "pk": 11, "fields": {"name": "Окрашивание \"Натуральная сучка\"", "description": "Яркое и натуральное окрашивание, чтобы никто не сказал,  что вы крашенная. Для той, которая готова показать свою индивидуальность. Оттенки рыжего добавят в ашему образу дерзости и уверенности, привлекут внимание и подчеркнут вашу уникальность.", "price": "6514.00", "duration": 75, "is_popular": true, "image": ""}}, {"model": "core.service", "pk": 12, "fields": {"name": "Стрижка \"Анна Каренина\"", "description": "Для любителей классики элегантная и утонченная стрижка. Четкияе линии и изысканность в каждой детали создают образ аристократки и строгой красотки. Для тех, кто ценит стиль и гармонию.", "price": "4521.00", "duration": 240, "is_popular": true, "image": ""}}, {"model": "core.master", "pk": 1, "fields": {"name": "Эльдар \"Бритва\" Рязанов", "photo": "masters/Ryazanov_F1Y4kpg.jpg", "phone": "+79258547485", "address": "г. Пенза пр-кт Строителей, 43А", "experience": 15, "is_active": true, "services": [1, 5, 11]}}, {"model": "core.master", "pk": 2, "fields": {"name": "Людмила \"Ножницы\" Гурченко", "photo": "masters/Gurchenko_4X128ez.jpg", "phone": "+79257458541", "address": "г. Пенза пр-кт Строителей, 43А", "experience": 10, "is_active": true, "services": [2, 4, 12]}}, {"model": "core.master", "pk": 3, "fields": {"name": "Георгий \"Фен\" Данелия", "photo": "masters/Daneliya_cOSx6FK.jpg", "phone": "+79254851223", "address": "г. Пенза пр-кт Строителей, 43А", "experience": 20, "is_active": true, "services": [3, 6, 10]}}, {"model": "core.master", "pk": 4, "fields": {"name": "Иннокентий \"Лак\" Смоктуновский", "photo": "masters/Smoktunovskii_j0vHGye.jpg", "phone": "+79275698523", "address": "г. Пенза пр-кт Строителей, 43А", "experience": 13, "is_active": true, "services": [3, 7, 11]}}, {"model": "core.master", "pk": 5, "fields": {"name": "Рина \"Бигуди\" Зеленая", "photo": "masters/Zelenay_MMdeKZu.jpg", "phone": "+79265874195", "address": "г. Пенза пр-кт Строителей, 43А", "experience": 7, "is_active": true, "services": [1, 5, 8, 12]}}, {"model": "core.master", "pk": 6, "fields": {"name": "Юрий \"Расческа\" Никулин", "photo": "masters/Nikulin_jVYvQcB.jpg", "phone": "+79528526523", "address": "г. Пенза пр-кт Строителей, 43А", "experience": 15, "is_active": true, "services": [3, 5, 7, 9, 11]}}, {"model": "core.order", "pk": 1, "fields": {"client_name": "Пётр Головин", "phone": "+79875239674", "comment": "Срочно, пожалуйста!", "status": "not_approved", "date_created": "2025-05-02T17:07:03.383Z", "date_updated": "2025-05-06T06:20:40.351Z", "master": 1, "appointment_date": "2025-05-08T13:30:00Z", "services": [1, 5]}}, {"model": "core.order", "pk": 2, "fields": {"client_name": "Василий Прямиков", "phone": "+79854587412", "comment": "Срочно!", "status": "moderated", "date_created": "2025-05-02T17:23:13.288Z", "date_updated": "2025-05-06T06:21:05.010Z", "master": 2, "appointment_date": "2025-05-06T14:00:00Z", "services": [2, 12]}}, {"model": "core.order", "pk": 3, "fields": {"client_name": "Афанасий Бритвенников", "phone": "+79863259614", "comment": "Приготовьтесь к большой работе!", "status": "spam", "date_created": "2025-05-02T17:29:43.601Z", "date_updated": "2025-05-06T06:21:28.490Z", "master": 3, "appointment_date": "2025-05-07T11:30:00Z", "services": [3, 6]}}, {"model": "core.order", "pk": 4, "fields": {"client_name": "Зинаида Красильникова", "phone": "+79878521597", "comment": "Буду вовремя!", "status": "approved", "date_created": "2025-05-02T17:34:27.020Z", "date_updated": "2025-05-06T06:21:50.608Z", "master": 4, "appointment_date": "2025-05-08T12:30:27Z", "services": [7, 11]}}, {"model": "core.order", "pk": 5, "fields": {"client_name": "Олег Рюрикович", "phone": "+79813659852", "comment": "Приготовьте печеньки и чай!", "status": "in_awaiting", "date_created": "2025-05-02T17:39:39.312Z", "date_updated": "2025-05-06T06:22:12.515Z", "master": 5, "appointment_date": "2025-05-06T10:40:39Z", "services": [1, 8, 12]}}, {"model": "core.order", "pk": 6, "fields": {"client_name": "Геннадий Лысенко", "phone": "+79874593264", "comment": "Немного опоздаю!", "status": "completed", "date_created": "2025-05-02T17:44:26.116Z", "date_updated": "2025-05-06T06:22:34.724Z", "master": 6, "appointment_date": "2025-05-08T12:20:26Z", "services": [3]}}, {"model": "core.order", "pk": 7, "fields": {"client_name": "Марина Косичкина", "phone": "+79898542323", "comment": "Сделайте из меня принцессу!", "status": "canceled", "date_created": "2025-05-02T17:50:56.082Z", "date_updated": "2025-05-06T06:23:03.001Z", "master": 2, "appointment_date": "2025-05-06T14:45:00Z", "services": [2, 4, 12]}}, {"model": "core.order", "pk": 8, "fields": {"client_name": "Федор Завитушкин", "phone": "+79814589573", "comment": "Нужно быстро!Работа в 4 руки!", "status": "moderated", "date_created": "2025-05-02T17:55:51.606Z", "date_updated": "2025-05-06T06:23:17.611Z", "master": 4, "appointment_date": "2025-05-07T13:55:51Z", "services": [3, 7, 11]}}, {"model": "core.order", "pk": 9, "fields": {"client_name": "Елизавета Царевна", "phone": "+79274581515", "comment": "Нужен лучший парикмахер", "status": "in_awaiting", "date_created": "2025-05-02T17:59:49.386Z", "date_updated": "2025-06-03T20:37:10.951Z", "master": 1, "appointment_date": "2025-05-07T16:00:00Z", "services": [1]}}, {"model": "core.order", "pk": 10, "fields": {"client_name": "Добрыня Никитич", "phone": "+79372158487", "comment": "Хочу быть похожим на викинга", "status": "moderated", "date_created": "2025-05-02T18:04:29.446Z", "date_updated": "2025-05-06T06:23:55.726Z", "master": 6, "appointment_date": "2025-05-09T15:04:29Z", "services": [3, 9, 11]}}, {"model": "core.order", "pk": 11, "fields": {"client_name": "Василиса Петрова", "phone": "+79287458515", "comment": "Нужна супер стрижка!", "status": "canceled", "date_created": "2025-06-02T20:57:14.014Z", "date_updated": "2025-06-03T18:57:34.694Z", "master": 1, "appointment_date": "2025-06-05T12:00:00Z", "services": []}}, {"model": "core.order", "pk": 12, "fields": {"client_name": "Светлана Колосова", "phone": "+79658523654", "comment": "Хочу окрашивание в розовый цвет", "status": "completed", "date_created": "2025-06-03T18:11:54.260Z", "date_updated": "2025-06-03T18:57:23.031Z", "master": 1, "appointment_date": "2025-06-11T09:00:00Z", "services": []}}, {"model": "core.order", "pk": 13, "fields": {"client_name": "Светлана Колосова", "phone": "+79658523654", "comment": "Хочу окрашивание в розовый цвет", "status": "canceled", "date_created": "2025-06-03T18:21:08.124Z", "date_updated": "2025-06-03T18:57:15.475Z", "master": 1, "appointment_date": "2025-06-11T09:00:00Z", "services": []}}, {"model": "core.order", "pk": 14, "fields": {"client_name": "Роза Лютикова", "phone": "+79523257414", "comment": "И приготовьте чашку кофию", "status": "spam", "date_created": "2025-06-03T18:23:52.625Z", "date_updated": "2025-06-03T18:57:05.518Z", "master": 4, "appointment_date": "2025-06-05T12:30:00Z", "services": []}}, {"model": "core.order", "pk": 15, "fields": {"client_name": "Роза Лютикова", "phone": "+79523257414", "comment": "И приготовьте чашку кофию", "status": "approved", "date_created": "2025-06-03T18:26:37.969Z", "date_updated": "2025-06-03T18:56:57.624Z", "master": 4, "appointment_date": "2025-06-05T12:30:00Z", "services": [7]}}, {"model": "core.order", "pk": 16, "fields": {"client_name": "Анна Козюлькина", "phone": "+78521425859", "comment": "", "status": "spam", "date_created": "2025-06-03T18:52:02.836Z", "date_updated": "2025-06-03T18:56:44.124Z", "master": 3, "appointment_date": "2025-06-13T14:00:00Z", "services": []}}, {"model": "core.order", "pk": 17, "fields": {"client_name": "Анна Козюлькина", "phone": "+78521425859", "comment": "", "status": "approved", "date_created": "2025-06-03T18:53:09.401Z", "date_updated": "2025-06-03T18:56:20.206Z", "master": 3, "appointment_date": "2025-06-13T14:00:00Z", "services": []}}, {"model": "core.order", "pk": 18, "fields": {"client_name": "Клава Розеткина", "phone": "+78521459625", "comment": "Нужно расслабиться", "status": "approved", "date_created": "2025-06-03T18:55:12.626Z", "date_updated": "2025-06-03T18:56:00.621Z", "master": 6, "appointment_date": "2025-06-06T17:30:00Z", "services": [7]}}, {"model": "core.order", "pk": 19, "fields": {"client_name": "Клементий Привокзальный", "phone": "+79632587812", "comment": "Стригите меня полностью!", "status": "canceled", "date_created": "2025-06-03T20:05:46.079Z", "date_updated": "2025-06-03T20:31:22.849Z", "master": 1, "appointment_date": "2025-06-06T15:00:00Z", "services": []}}, {"model": "core.order", "pk": 20, "fields": {"client_name": "Иван Коломенский", "phone": "+79523681236", "comment": "Хочу быть модным", "status": "spam", "date_created": "2025-06-03T20:26:24.140Z", "date_updated": "2025-06-03T20:31:14.855Z", "master": 2, "appointment_date": "2025-06-12T17:30:00Z", "services": []}}, {"model": "core.order", "pk": 21, "fields": {"client_name": "Андрей Македонский", "phone": "+74569852365", "comment": "", "status": "completed", "date_created": "2025-06-03T20:29:53.727Z", "date_updated": "2025-06-03T20:37:19.927Z", "master": 6, "appointment_date": "2025-06-07T10:35:00Z", "services": [9]}}, {"model": "core.order", "pk": 22, "fields": {"client_name": "Роза Хатурян", "phone": "+79635214589", "comment": "Буду с подружкой", "status": "not_approved", "date_created": "2025-06-03T21:05:34.098Z", "date_updated": "2025-06-03T21:05:34.098Z", "master": 6, "appointment_date": "2025-06-16T11:10:00Z", "services": [7, 9]}}, {"model": "core.order", "pk": 23, "fields": {"client_name": "Карл Маркс", "phone": "+78523698521", "comment": "", "status": "not_approved", "date_created": "2025-06-03T21:14:52.997Z", "date_updated": "2025-06-03T21:14:52.997Z", "master": 3, "appointment_date": "2025-06-06T14:19:00Z", "services": []}}, {"model": "core.order", "pk": 24, "fields": {"client_name": "Карл Маркс", "phone": "+78523698521", "comment": "", "status": "not_approved", "date_created": "2025-06-03T21:16:21.837Z", "date_updated": "2025-06-03T21:16:21.837Z", "master": 3, "appointment_date": "2025-06-06T14:19:00Z", "services": []}}, {"model": "core.order", "pk": 25, "fields": {"client_name": "Анна Ромашкина", "phone": "+78523658523", "comment": "", "status": "not_approved", "date_created": "2025-06-03T21:21:06.599Z", "date_updated": "2025-06-03T21:21:06.599Z", "master": 6, "appointment_date": "2025-06-12T11:34:00Z", "services": []}}, {"model": "core.order", "pk": 26, "fields": {"client_name": "Анна Ромашкина", "phone": "+78523698854", "comment": "", "status": "not_approved", "date_created": "2025-06-03T21:22:06.321Z", "date_updated": "2025-06-03T21:22:06.321Z", "master": 3, "appointment_date": "2025-06-10T13:27:00Z", "services": []}}, {"model": "core.order", "pk": 27, "fields": {"client_name": "Мария Клюева", "phone": "+78523698547", "comment": "", "status": "not_approved", "date_created": "2025-06-04T04:25:44.577Z", "date_updated": "2025-06-04T04:25:44.577Z", "master": 1, "appointment_date": "2025-06-13T10:30:00Z", "services": [5]}}, {"model": "core.order", "pk": 28, "fields": {"client_name": "Владимир Замков", "phone": "+795123658956", "comment": "Надеюсь мастер профессионал", "status": "not_approved", "date_created": "2025-06-04T04:39:10.921Z", "date_updated": "2025-06-04T04:39:10.921Z", "master": 4, "appointment_date": "2025-06-09T12:40:00Z", "services": [7]}}, {"model": "core.order", "pk": 29, "fields": {"client_name": "Маргарита Зима", "phone": "+78523364523", "comment": "Хочу быть красоткой", "status": "not_approved", "date_created": "2025-06-04T04:46:43.919Z", "date_updated": "2025-06-04T04:46:43.920Z", "master": 1, "appointment_date": "2025-06-06T10:50:00Z", "services": [5, 11]}}, {"model": "core.order", "pk": 30, "fields": {"client_name": "Семен Глухов", "phone": "+78521457852", "comment": "", "status": "not_approved", "date_created": "2025-06-06T04:18:15.321Z", "date_updated": "2025-06-06T04:18:15.321Z", "master": 6, "appointment_date": "2025-06-08T10:20:00Z", "services": [9]}}, {"model": "core.review", "pk": 1, "fields": {"client_name": "Пётр Головин", "text": "Настоящий профессионал! Подстриг так, будто сам Тарковский ррежиссировал.", "rating": 5, "master": 1, "photo": "", "is_published": true, "created_at": "2025-05-02T18:18:41.858Z"}}, {"model": "core.review", "pk": 2, "fields": {"client_name": "Василий Прямиков", "text": "Стрижка просто шик! Чуть-чуть задержались, но атмосфера всё компенсировала.", "rating": 4, "master": 2, "photo": "", "is_published": true, "created_at": "2025-05-02T18:20:19.921Z"}}, {"model": "core.review", "pk": 3, "fields": {"client_name": "Афанасий Бритвенников", "text": "Я пришел и всё быстро сделали! Стрижка отличная, бритье просто супер, все соседи в шоке!", "rating": 5, "master": 3, "photo": "", "is_published": true, "created_at": "2025-05-02T18:21:41.997Z"}}, {"model": "core.review", "pk": 4, "fields": {"client_name": "Зинаида Красильникова", "text": "Парикмахер как из старого доброго кино. Всё с душой и точностью.", "rating": 5, "master": 4, "photo": "", "is_published": true, "created_at": "2025-05-02T18:22:38.743Z"}}, {"model": "core.review", "pk": 5, "fields": {"client_name": "Олег Рюрикович", "text": "Укладка получилась как из 70-х  - не то, что я хотела. Но все равно, Рина, большое спасибо", "rating": 3, "master": 5, "photo": "", "is_published": true, "created_at": "2025-05-02T18:24:42.005Z"}}, {"model": "core.review", "pk": 6, "fields": {"client_name": "Геннадий Лысенко", "text": "Мастер веселый, но не понял мой стиль! В остальном - ок", "rating": 2, "master": 6, "photo": "", "is_published": true, "created_at": "2025-05-02T18:26:23.792Z"}}, {"model": "core.review", "pk": 7, "fields": {"client_name": "Добрыня Никитич", "text": "Косички супер! Приду еще, всем своим посоветовал. Мастер огонь.", "rating": 5, "master": 6, "photo": "", "is_published": true, "created_at": "2025-05-02T18:27:32.454Z"}}, {"model": "core.review", "pk": 8, "fields": {"client_name": "Елизавета Царева", "text": "Мастер не о чем, сделал не то, что просила. Но мужу нравится.", "rating": 1, "master": 1, "photo": "", "is_published": true, "created_at": "2025-05-02T18:28:18.741Z"}}, {"model": "core.review", "pk": 9, "fields": {"client_name": "Федор Завитушкин", "text": "Доверился мастеру, и не пожалел, сделал все на отлично.", "rating": 4, "master": 4, "photo": "", "is_published": true, "created_at": "2025-05-02T18:29:08.452Z"}}, {"model": "core.review", "pk": 10, "fields": {"client_name": "Марина Косичкина", "text": "Укладка держалась два дня, окрашивание попали точно в цвет. Приду еще. Ждите.", "rating": 5, "master": 2, "photo": "", "is_published": true, "created_at": "2025-05-02T18:30:11.474Z"}}, {"model": "core.review", "pk": 11, "fields": {"client_name": "Людка", "text": "Отлично постригли и покрасили! В полном восторге!", "rating": 5, "master": 5, "photo": "", "is_published": true, "created_at": "2025-05-18T17:01:02.444Z"}}, {"model": "core.review", "pk": 12, "fields": {"client_name": "Нина Соломатина", "text": "Стрижка сойдет, вроде хорошо смотрится, но не предложили кофе или чай.", "rating": 4, "master": 2, "photo": "", "is_published": true, "created_at": "2025-05-18T17:25:29.844Z"}}, {"model": "core.review", "pk": 13, "fields": {"client_name": "Виктория", "text": "Голову помыли хорошо, все понравилось, конфеты в вазочке нужно заменить, были не вкусными", "rating": 4, "master": 6, "photo": "", "is_published": true, "created_at": "2025-05-25T19:30:17.583Z"}}, {"model": "core.review", "pk": 14, "fields": {"client_name": "Руслан", "text": "Окрашивание очень понравилось, но мастер грубоват!", "rating": 3, "master": 2, "photo": "", "is_published": true, "created_at": "2025-05-26T20:06:03.811Z"}}, {"model": "core.review", "pk": 15, "fields": {"client_name": "Роза Сябитова", "text": "Подстригли УЖАСНО, а я хотела классно, покрасили ПЛОХО, а должны были в розовый", "rating": 1, "master": 1, "photo": "", "is_published": false, "created_at": "2025-05-26T21:03:51.161Z"}}, {"model": "core.review", "pk": 16, "fields": {"client_name": "Сириус Блэк", "text": "Мне все понравилось, новый цвет волос воодушевляет", "rating": 5, "master": 6, "photo": "", "is_published": true, "created_at": "2025-05-26T21:06:37.991Z"}}, {"model": "core.review", "pk": 17, "fields": {"client_name": "Раиса Боловач", "text": "Ну все неплохо, прическа отличная, цвет нормальный, еще не смылся.", "rating": 4, "master": 5, "photo": "", "is_published": false, "created_at": "2025-05-29T13:19:24.778Z"}}, {"model": "core.review", "pk": 18, "fields": {"client_name": "Раиса Боловач", "text": "Ну все неплохо, прическа отличная, цвет нормальный, еще не смылся.", "rating": 4, "master": 5, "photo": "", "is_published": true, "created_at": "2025-05-29T13:25:27.219Z"}}, {"model": "core.review", "pk": 19, "fields": {"client_name": "Василий Травников", "text": "Вы испортили мне прическу, волосы сожгли, цвет не тот, что нужно, усы вырвали.", "rating": 1, "master": 2, "photo": "", "is_published": false, "created_at": "2025-05-29T13:28:46.010Z"}}, {"model": "core.review", "pk": 20, "fields": {"client_name": "Петр Глухов", "text": "Все отлично, мне все понравилось", "rating": 5, "master": 3, "photo": "", "is_published": true, "created_at": "2025-06-02T19:29:40.138Z"}}, {"model": "core.review", "pk": 21, "fields": {"client_name": "Андрей Македонский", "text": "Всё отлично, сервисом доволен, рассказал всем соседям, они уже записались к вам", "rating": 5, "master": 4, "photo": "", "is_published": true, "created_at": "2025-06-03T20:38:15.379Z"}}, {"model": "core.review", "pk": 22, "fields": {"client_name": "Василий Морозов", "text": "Отлично покрасили и подстригли бороду", "rating": 5, "master": 2, "photo": "", "is_published": true, "created_at": "2025-06-03T21:04:34.128Z"}}, {"model": "core.review", "pk": 23, "fields": {"client_name": "Петр Морозов", "text": "Всё гуд", "rating": 5, "master": 4, "photo": "", "is_published": true, "created_at": "2025-06-03T21:13:41.523Z"}}, {"model": "core.review", "pk": 24, "fields": {"client_name": "Петр Клюев", "text": "Былло тяжело, но мастер справился", "rating": 5, "master": 5, "photo": "", "is_published": true, "created_at": "2025-06-03T21:17:32.043Z"}}, {"model": "core.review", "pk": 25, "fields": {"client_name": "Роман Коолицин", "text": "Супер", "rating": 5, "master": 2, "photo": "", "is_published": true, "created_at": "2025-06-03T21:20:19.583Z"}}, {"model": "core.review", "pk": 26, "fields": {"client_name": "Роман  Рюмочкин", "text": "Мастер знает свое дело, мне все понравилось", "rating": 5, "master": 5, "photo": "", "is_published": true, "created_at": "2025-06-04T04:41:29.561Z"}}, {"model": "core.review", "pk": 27, "fields": {"client_name": "Владислав Клювочкин", "text": "Пойдет, нормально сделали", "rating": 5, "master": 2, "photo": "", "is_published": true, "created_at": "2025-06-04T04:43:33.305Z"}}, {"model": "core.review", "pk": 28, "fields": {"client_name": "Моисей Конфеткин", "text": "Мне понравилось как помыли голову, 7 дней хожу так", "rating": 5, "master": 3, "photo": "", "is_published": true, "created_at": "2025-06-04T04:47:52.007Z"}}, {"model": "core.review", "pk": 29, "fields": {"client_name": "Василий Сухостой", "text": "Усы шикарно подстригли", "rating": 5, "master": 3, "photo": "", "is_published": true, "created_at": "2025-06-06T04:16:48.001Z"}}]